{
	"Receiver": [
		-5,
		-3.08,
		0,
		0.2241
	],
	"Transmitter": [
		-2.0174,
		-2.58,
		0
	],
	"Planes": [
		[
			[
				-6.5,
				4.3,
				1.5
			],
			[
				-6.5,
				-4.3,
				1.5
			],
			[
				-6.5,
				-4.3,
				-1.5
			],
			[
				-6.5,
				4.3,
				-1.5
			]
		],
		[
			[
				6.5,
				4.3,
				1.5
			],
			[
				6.5,
				-4.3,
				1.5
			],
			[
				6.5,
				-4.3,
				-1.5
			],
			[
				6.5,
				4.3,
				-1.5
			]
		],
		[
			[
				6.5,
				-4.3,
				1.5
			],
			[
				6.5,
				-4.3,
				-1.5
			],
			[
				-6.5,
				-4.3,
				-1.5
			],
			[
				-6.5,
				-4.3,
				1.5
			]
		],
		[
			[
				6.5,
				4.3,
				1.5
			],
			[
				6.5,
				4.3,
				-1.5
			],
			[
				-6.5,
				4.3,
				-1.5
			],
			[
				-6.5,
				4.3,
				1.5
			]
		],
		[
			[
				6.5,
				4.3,
				-1.5
			],
			[
				-6.5,
				4.3,
				-1.5
			],
			[
				-6.5,
				-4.3,
				-1.5
			],
			[
				6.5,
				-4.3,
				-1.5
			]
		],
		[
			[
				6.5,
				4.3,
				1.5
			],
			[
				-6.5,
				4.3,
				1.5
			],
			[
				-6.5,
				-4.3,
				1.5
			],
			[
				6.5,
				-4.3,
				1.5
			]
		],
		[
			[
				-4.5586,
				-0.9129999999999998,
				1.5
			],
			[
				-4.5586,
				-3.413,
				1.5
			],
			[
				-4.5586,
				-3.413,
				-1.5
			],
			[
				-4.5586,
				-0.9129999999999998,
				-1.5
			]
		],
		[
			[
				-2.7586,
				-0.9129999999999998,
				1.5
			],
			[
				-2.7586,
				-3.413,
				1.5
			],
			[
				-2.7586,
				-3.413,
				-1.5
			],
			[
				-2.7586,
				-0.9129999999999998,
				-1.5
			]
		],
		[
			[
				-2.7586,
				-3.413,
				1.5
			],
			[
				-2.7586,
				-3.413,
				-1.5
			],
			[
				-4.5586,
				-3.413,
				-1.5
			],
			[
				-4.5586,
				-3.413,
				1.5
			]
		],
		[
			[
				-2.7586,
				-0.9129999999999998,
				1.5
			],
			[
				-2.7586,
				-0.9129999999999998,
				-1.5
			],
			[
				-4.5586,
				-0.9129999999999998,
				-1.5
			],
			[
				-4.5586,
				-0.9129999999999998,
				1.5
			]
		],
		[
			[
				-2.7586,
				-0.9129999999999998,
				-1.5
			],
			[
				-4.5586,
				-0.9129999999999998,
				-1.5
			],
			[
				-4.5586,
				-3.413,
				-1.5
			],
			[
				-2.7586,
				-3.413,
				-1.5
			]
		],
		[
			[
				-2.7586,
				-0.9129999999999998,
				1.5
			],
			[
				-4.5586,
				-0.9129999999999998,
				1.5
			],
			[
				-4.5586,
				-3.413,
				1.5
			],
			[
				-2.7586,
				-3.413,
				1.5
			]
		],
		[
			[
				5.59,
				4.3,
				1.5
			],
			[
				5.59,
				3.6550000000000002,
				1.5
			],
			[
				5.59,
				3.6550000000000002,
				-1.5
			],
			[
				5.59,
				4.3,
				-1.5
			]
		],
		[
			[
				6.5,
				4.3,
				1.5
			],
			[
				6.5,
				3.6550000000000002,
				1.5
			],
			[
				6.5,
				3.6550000000000002,
				-1.5
			],
			[
				6.5,
				4.3,
				-1.5
			]
		],
		[
			[
				6.5,
				3.6550000000000002,
				1.5
			],
			[
				6.5,
				3.6550000000000002,
				-1.5
			],
			[
				5.59,
				3.6550000000000002,
				-1.5
			],
			[
				5.59,
				3.6550000000000002,
				1.5
			]
		],
		[
			[
				6.5,
				4.3,
				1.5
			],
			[
				6.5,
				4.3,
				-1.5
			],
			[
				5.59,
				4.3,
				-1.5
			],
			[
				5.59,
				4.3,
				1.5
			]
		],
		[
			[
				6.5,
				4.3,
				-1.5
			],
			[
				5.59,
				4.3,
				-1.5
			],
			[
				5.59,
				3.6550000000000002,
				-1.5
			],
			[
				6.5,
				3.6550000000000002,
				-1.5
			]
		],
		[
			[
				6.5,
				4.3,
				1.5
			],
			[
				5.59,
				4.3,
				1.5
			],
			[
				5.59,
				3.6550000000000002,
				1.5
			],
			[
				6.5,
				3.6550000000000002,
				1.5
			]
		],
		[
			[
				-6.5,
				4.3,
				1.5
			],
			[
				-6.5,
				3.6550000000000002,
				1.5
			],
			[
				-6.5,
				3.6550000000000002,
				-1.5
			],
			[
				-6.5,
				4.3,
				-1.5
			]
		],
		[
			[
				-5.59,
				4.3,
				1.5
			],
			[
				-5.59,
				3.6550000000000002,
				1.5
			],
			[
				-5.59,
				3.6550000000000002,
				-1.5
			],
			[
				-5.59,
				4.3,
				-1.5
			]
		],
		[
			[
				-5.59,
				3.6550000000000002,
				1.5
			],
			[
				-5.59,
				3.6550000000000002,
				-1.5
			],
			[
				-6.5,
				3.6550000000000002,
				-1.5
			],
			[
				-6.5,
				3.6550000000000002,
				1.5
			]
		],
		[
			[
				-5.59,
				4.3,
				1.5
			],
			[
				-5.59,
				4.3,
				-1.5
			],
			[
				-6.5,
				4.3,
				-1.5
			],
			[
				-6.5,
				4.3,
				1.5
			]
		],
		[
			[
				-5.59,
				4.3,
				-1.5
			],
			[
				-6.5,
				4.3,
				-1.5
			],
			[
				-6.5,
				3.6550000000000002,
				-1.5
			],
			[
				-5.59,
				3.6550000000000002,
				-1.5
			]
		],
		[
			[
				-5.59,
				4.3,
				1.5
			],
			[
				-6.5,
				4.3,
				1.5
			],
			[
				-6.5,
				3.6550000000000002,
				1.5
			],
			[
				-5.59,
				3.6550000000000002,
				1.5
			]
		],
		[
			[
				5.59,
				-3.6550000000000002,
				1.5
			],
			[
				5.59,
				-4.3,
				1.5
			],
			[
				5.59,
				-4.3,
				-1.5
			],
			[
				5.59,
				-3.6550000000000002,
				-1.5
			]
		],
		[
			[
				6.5,
				-3.6550000000000002,
				1.5
			],
			[
				6.5,
				-4.3,
				1.5
			],
			[
				6.5,
				-4.3,
				-1.5
			],
			[
				6.5,
				-3.6550000000000002,
				-1.5
			]
		],
		[
			[
				6.5,
				-4.3,
				1.5
			],
			[
				6.5,
				-4.3,
				-1.5
			],
			[
				5.59,
				-4.3,
				-1.5
			],
			[
				5.59,
				-4.3,
				1.5
			]
		],
		[
			[
				6.5,
				-3.6550000000000002,
				1.5
			],
			[
				6.5,
				-3.6550000000000002,
				-1.5
			],
			[
				5.59,
				-3.6550000000000002,
				-1.5
			],
			[
				5.59,
				-3.6550000000000002,
				1.5
			]
		],
		[
			[
				6.5,
				-3.6550000000000002,
				-1.5
			],
			[
				5.59,
				-3.6550000000000002,
				-1.5
			],
			[
				5.59,
				-4.3,
				-1.5
			],
			[
				6.5,
				-4.3,
				-1.5
			]
		],
		[
			[
				6.5,
				-3.6550000000000002,
				1.5
			],
			[
				5.59,
				-3.6550000000000002,
				1.5
			],
			[
				5.59,
				-4.3,
				1.5
			],
			[
				6.5,
				-4.3,
				1.5
			]
		],
		[
			[
				-6.5,
				-3.6550000000000002,
				1.5
			],
			[
				-6.5,
				-4.3,
				1.5
			],
			[
				-6.5,
				-4.3,
				-1.5
			],
			[
				-6.5,
				-3.6550000000000002,
				-1.5
			]
		],
		[
			[
				-5.59,
				-3.6550000000000002,
				1.5
			],
			[
				-5.59,
				-4.3,
				1.5
			],
			[
				-5.59,
				-4.3,
				-1.5
			],
			[
				-5.59,
				-3.6550000000000002,
				-1.5
			]
		],
		[
			[
				-5.59,
				-4.3,
				1.5
			],
			[
				-5.59,
				-4.3,
				-1.5
			],
			[
				-6.5,
				-4.3,
				-1.5
			],
			[
				-6.5,
				-4.3,
				1.5
			]
		],
		[
			[
				-5.59,
				-3.6550000000000002,
				1.5
			],
			[
				-5.59,
				-3.6550000000000002,
				-1.5
			],
			[
				-6.5,
				-3.6550000000000002,
				-1.5
			],
			[
				-6.5,
				-3.6550000000000002,
				1.5
			]
		],
		[
			[
				-5.59,
				-3.6550000000000002,
				-1.5
			],
			[
				-6.5,
				-3.6550000000000002,
				-1.5
			],
			[
				-6.5,
				-4.3,
				-1.5
			],
			[
				-5.59,
				-4.3,
				-1.5
			]
		],
		[
			[
				-5.59,
				-3.6550000000000002,
				1.5
			],
			[
				-6.5,
				-3.6550000000000002,
				1.5
			],
			[
				-6.5,
				-4.3,
				1.5
			],
			[
				-5.59,
				-4.3,
				1.5
			]
		]
	],
	"Time": [
		[
			1.0534964126095161e-08,
			0.04076427347874948
		],
		[
			1.0541809011523817e-08,
			0.03993289843417929
		],
		[
			1.0281205450649151e-08,
			0.041576504784245204
		],
		[
			1.0119109448424749e-08,
			0.04244152540168372
		],
		[
			1.0124071392925839e-08,
			0.041675174604410434
		],
		[
			1.0063962463809638e-08,
			0.042711183817521516
		],
		[
			1.0077416226296692e-08,
			0.04200141623353428
		],
		[
			1.0119109448424747e-08,
			0.04244152540168372
		],
		[
			1.0124071392925839e-08,
			0.041675174604410434
		],
		[
			1.0281205450649151e-08,
			0.041576504784245204
		],
		[
			1.0534964126095161e-08,
			0.04076427347874948
		],
		[
			1.0541809011523813e-08,
			0.03993289843417931
		]
	],