{
	"Receiver": [
		-5,
		-3.08,
		0,
		0.2241
	],
	"Transmitter": [
		-2.0174,
		-2.58,
		0
	],
	"Planes": [
		[
			[
				-6.5,
				4.3,
				1.5
			],
			[
				-6.5,
				-4.3,
				1.5
			],
			[
				-6.5,
				-4.3,
				-1.5
			],
			[
				-6.5,
				4.3,
				-1.5
			]
		],
		[
			[
				6.5,
				4.3,
				1.5
			],
			[
				6.5,
				-4.3,
				1.5
			],
			[
				6.5,
				-4.3,
				-1.5
			],
			[
				6.5,
				4.3,
				-1.5
			]
		],
		[
			[
				6.5,
				-4.3,
				1.5
			],
			[
				6.5,
				-4.3,
				-1.5
			],
			[
				-6.5,
				-4.3,
				-1.5
			],
			[
				-6.5,
				-4.3,
				1.5
			]
		],
		[
			[
				6.5,
				4.3,
				1.5
			],
			[
				6.5,
				4.3,
				-1.5
			],
			[
				-6.5,
				4.3,
				-1.5
			],
			[
				-6.5,
				4.3,
				1.5
			]
		],
		[
			[
				6.5,
				4.3,
				-1.5
			],
			[
				-6.5,
				4.3,
				-1.5
			],
			[
				-6.5,
				-4.3,
				-1.5
			],
			[
				6.5,
				-4.3,
				-1.5
			]
		],
		[
			[
				6.5,
				4.3,
				1.5
			],
			[
				-6.5,
				4.3,
				1.5
			],
			[
				-6.5,
				-4.3,
				1.5
			],
			[
				6.5,
				-4.3,
				1.5
			]
		],
		[
			[
				-3.6736,
				-0.9129999999999998,
				1.5
			],
			[
				-3.6736,
				-3.413,
				1.5
			],
			[
				-3.6736,
				-3.413,
				-1.5
			],
			[
				-3.6736,
				-0.9129999999999998,
				-1.5
			]
		],
		[
			[
				-3.6435999999999997,
				-0.9129999999999998,
				1.5
			],
			[
				-3.6435999999999997,
				-3.413,
				1.5
			],
			[
				-3.6435999999999997,
				-3.413,
				-1.5
			],
			[
				-3.6435999999999997,
				-0.9129999999999998,
				-1.5
			]
		],
		[
			[
				-3.6435999999999997,
				-3.413,
				1.5
			],
			[
				-3.6435999999999997,
				-3.413,
				-1.5
			],
			[
				-3.6736,
				-3.413,
				-1.5
			],
			[
				-3.6736,
				-3.413,
				1.5
			]
		],
		[
			[
				-3.6435999999999997,
				-0.9129999999999998,
				1.5
			],
			[
				-3.6435999999999997,
				-0.9129999999999998,
				-1.5
			],
			[
				-3.6736,
				-0.9129999999999998,
				-1.5
			],
			[
				-3.6736,
				-0.9129999999999998,
				1.5
			]
		],
		[
			[
				-3.6435999999999997,
				-0.9129999999999998,
				-1.5
			],
			[
				-3.6736,
				-0.9129999999999998,
				-1.5
			],
			[
				-3.6736,
				-3.413,
				-1.5
			],
			[
				-3.6435999999999997,
				-3.413,
				-1.5
			]
		],
		[
			[
				-3.6435999999999997,
				-0.9129999999999998,
				1.5
			],
			[
				-3.6736,
				-0.9129999999999998,
				1.5
			],
			[
				-3.6736,
				-3.413,
				1.5
			],
			[
				-3.6435999999999997,
				-3.413,
				1.5
			]
		],
		[
			[
				5.59,
				4.3,
				1.5
			],
			[
				5.59,
				3.6550000000000002,
				1.5
			],
			[
				5.59,
				3.6550000000000002,
				-1.5
			],
			[
				5.59,
				4.3,
				-1.5
			]
		],
		[
			[
				6.5,
				4.3,
				1.5
			],
			[
				6.5,
				3.6550000000000002,
				1.5
			],
			[
				6.5,
				3.6550000000000002,
				-1.5
			],
			[
				6.5,
				4.3,
				-1.5
			]
		],
		[
			[
				6.5,
				3.6550000000000002,
				1.5
			],
			[
				6.5,
				3.6550000000000002,
				-1.5
			],
			[
				5.59,
				3.6550000000000002,
				-1.5
			],
			[
				5.59,
				3.6550000000000002,
				1.5
			]
		],
		[
			[
				6.5,
				4.3,
				1.5
			],
			[
				6.5,
				4.3,
				-1.5
			],
			[
				5.59,
				4.3,
				-1.5
			],
			[
				5.59,
				4.3,
				1.5
			]
		],
		[
			[
				6.5,
				4.3,
				-1.5
			],
			[
				5.59,
				4.3,
				-1.5
			],
			[
				5.59,
				3.6550000000000002,
				-1.5
			],
			[
				6.5,
				3.6550000000000002,
				-1.5
			]
		],
		[
			[
				6.5,
				4.3,
				1.5
			],
			[
				5.59,
				4.3,
				1.5
			],
			[
				5.59,
				3.6550000000000002,
				1.5
			],
			[
				6.5,
				3.6550000000000002,
				1.5
			]
		],
		[
			[
				-6.5,
				4.3,
				1.5
			],
			[
				-6.5,
				3.6550000000000002,
				1.5
			],
			[
				-6.5,
				3.6550000000000002,
				-1.5
			],
			[
				-6.5,
				4.3,
				-1.5
			]
		],
		[
			[
				-5.59,
				4.3,
				1.5
			],
			[
				-5.59,
				3.6550000000000002,
				1.5
			],
			[
				-5.59,
				3.6550000000000002,
				-1.5
			],
			[
				-5.59,
				4.3,
				-1.5
			]
		],
		[
			[
				-5.59,
				3.6550000000000002,
				1.5
			],
			[
				-5.59,
				3.6550000000000002,
				-1.5
			],
			[
				-6.5,
				3.6550000000000002,
				-1.5
			],
			[
				-6.5,
				3.6550000000000002,
				1.5
			]
		],
		[
			[
				-5.59,
				4.3,
				1.5
			],
			[
				-5.59,
				4.3,
				-1.5
			],
			[
				-6.5,
				4.3,
				-1.5
			],
			[
				-6.5,
				4.3,
				1.5
			]
		],
		[
			[
				-5.59,
				4.3,
				-1.5
			],
			[
				-6.5,
				4.3,
				-1.5
			],
			[
				-6.5,
				3.6550000000000002,
				-1.5
			],
			[
				-5.59,
				3.6550000000000002,
				-1.5
			]
		],
		[
			[
				-5.59,
				4.3,
				1.5
			],
			[
				-6.5,
				4.3,
				1.5
			],
			[
				-6.5,
				3.6550000000000002,
				1.5
			],
			[
				-5.59,
				3.6550000000000002,
				1.5
			]
		],
		[
			[
				5.59,
				-3.6550000000000002,
				1.5
			],
			[
				5.59,
				-4.3,
				1.5
			],
			[
				5.59,
				-4.3,
				-1.5
			],
			[
				5.59,
				-3.6550000000000002,
				-1.5
			]
		],
		[
			[
				6.5,
				-3.6550000000000002,
				1.5
			],
			[
				6.5,
				-4.3,
				1.5
			],
			[
				6.5,
				-4.3,
				-1.5
			],
			[
				6.5,
				-3.6550000000000002,
				-1.5
			]
		],
		[
			[
				6.5,
				-4.3,
				1.5
			],
			[
				6.5,
				-4.3,
				-1.5
			],
			[
				5.59,
				-4.3,
				-1.5
			],
			[
				5.59,
				-4.3,
				1.5
			]
		],
		[
			[
				6.5,
				-3.6550000000000002,
				1.5
			],
			[
				6.5,
				-3.6550000000000002,
				-1.5
			],
			[
				5.59,
				-3.6550000000000002,
				-1.5
			],
			[
				5.59,
				-3.6550000000000002,
				1.5
			]
		],
		[
			[
				6.5,
				-3.6550000000000002,
				-1.5
			],
			[
				5.59,
				-3.6550000000000002,
				-1.5
			],
			[
				5.59,
				-4.3,
				-1.5
			],
			[
				6.5,
				-4.3,
				-1.5
			]
		],
		[
			[
				6.5,
				-3.6550000000000002,
				1.5
			],
			[
				5.59,
				-3.6550000000000002,
				1.5
			],
			[
				5.59,
				-4.3,
				1.5
			],
			[
				6.5,
				-4.3,
				1.5
			]
		],
		[
			[
				-6.5,
				-3.6550000000000002,
				1.5
			],
			[
				-6.5,
				-4.3,
				1.5
			],
			[
				-6.5,
				-4.3,
				-1.5
			],
			[
				-6.5,
				-3.6550000000000002,
				-1.5
			]
		],
		[
			[
				-5.59,
				-3.6550000000000002,
				1.5
			],
			[
				-5.59,
				-4.3,
				1.5
			],
			[
				-5.59,
				-4.3,
				-1.5
			],
			[
				-5.59,
				-3.6550000000000002,
				-1.5
			]
		],
		[
			[
				-5.59,
				-4.3,
				1.5
			],
			[
				-5.59,
				-4.3,
				-1.5
			],
			[
				-6.5,
				-4.3,
				-1.5
			],
			[
				-6.5,
				-4.3,
				1.5
			]
		],
		[
			[
				-5.59,
				-3.6550000000000002,
				1.5
			],
			[
				-5.59,
				-3.6550000000000002,
				-1.5
			],
			[
				-6.5,
				-3.6550000000000002,
				-1.5
			],
			[
				-6.5,
				-3.6550000000000002,
				1.5
			]
		],
		[
			[
				-5.59,
				-3.6550000000000002,
				-1.5
			],
			[
				-6.5,
				-3.6550000000000002,
				-1.5
			],
			[
				-6.5,
				-4.3,
				-1.5
			],
			[
				-5.59,
				-4.3,
				-1.5
			]
		],
		[
			[
				-5.59,
				-3.6550000000000002,
				1.5
			],
			[
				-6.5,
				-3.6550000000000002,
				1.5
			],
			[
				-6.5,
				-4.3,
				1.5
			],
			[
				-5.59,
				-4.3,
				1.5
			]
		]
	],
	"Time": [
		[
			1.716963610302391e-08,
			0.016665481935192353
		],
		[
			2.4383381848896393e-08,
			0.0006099542465768984
		],
		[
			2.438338184889639e-08,
			0.0006099542465768968
		],
		[
			1.3959994732749527e-08,
			0.14964755319405723
		],
		[
			1.7169636103023903e-08,
			0.01666548193519236
		],
		[
			5.654733999458307e-08,
			1.805402020728239e-05
		]
	],